source_system,source_class_name,source_classid,insqlfileurl,datalake_table_name,target_system,target_class_name,target_classid
DELTA,BRZ_CURR_COMPASS_ICI.CATDIMENSION_1,1263,/data/talend/vars/INSQL/delta/compass/transient_talend_BRZ_CURR_COMPASS_ICI.CATDIMENSION.sql,transient_talend_BRZ_CURR_COMPASS_ICI.CATDIMENSION,snowflake,DB_STAGING.DW_RIPSAW.LU_ICI_CAT_DIMENSION,1264
DELTA,BRZ_CURR_COMPASS_ICI.CATEGORY,1155,/data/talend/vars/INSQL/delta/compass/transient_talend_BRZ_CURR_COMPASS_ICI.CATEGORY.sql,transient_talend_BRZ_CURR_COMPASS_ICI.CATEGORY,snowflake,DB_STAGING.DW_RIPSAW.LU_ICI_CATEGORY,1156
DELTA,BRZ_CURR_COMPASS_ICI.COUNTRY_VDX,1146,/data/talend/vars/INSQL/delta/transient_talend.country_vdx.sql,transient_talend.country_vdx,snowflake,DB_STAGING.DW_RIPSAW.LU_ICI_COUNTRY,1147
DELTA,BRZ_CURR_COMPASS_ICI.DIVISION,1079,/data/talend/vars/INSQL/delta/compass/transient_talend_BRZ_CURR_COMPASS_ICI.DIVISION.sql,transient_talend_BRZ_CURR_COMPASS_ICI.DIVISION,snowflake,DB_STAGING.DW_RIPSAW.LU_ICI_DIVISION,1191
DELTA,BRZ_CURR_COMPASS_ICI.DUTYCODES,1248,/data/talend/vars/INSQL/delta/compass/transient_talend_BRZ_CURR_COMPASS_ICI.DUTYCODES.sql,transient_talend_BRZ_CURR_COMPASS_ICI.DUTYCODES,snowflake,DB_STAGING.DW_RIPSAW.LU_ICI_DUTY_CODES,1249
DELTA,BRZ_CURR_COMPASS_ICI.GENERICREFCODES,1293,/data/talend/vars/INSQL/delta/compass/transient_talend_BRZ_CURR_COMPASS_ICI.GENERICREFCODES.sql,transient_talend_BRZ_CURR_COMPASS_ICI.GENERICREFCODES,snowflake,DB_STAGING.DW_RIPSAW.LU_ICI_GENREFCODES,1294
DELTA,BRZ_CURR_COMPASS_ICI.GENERICREFTYPES_3,1271,/data/talend/vars/INSQL/delta/compass/transient_talend_BRZ_CURR_COMPASS_ICI.GENERICREFTYPES_3.sql,transient_talend_BRZ_CURR_COMPASS_ICI.GENERICREFTYPES_3,snowflake,DB_STAGING.DW_RIPSAW.LU_ICI_GENREFTYPES,1272
DELTA,BRZ_CURR_COMPASS_ICI.HISTORICALPRICING,1059,/data/talend/vars/INSQL/delta/compass/transient_talend_BRZ_CURR_COMPASS_ICI.HISTORICALPRICING.sql,transient_talend_BRZ_CURR_COMPASS_ICI.HISTORICALPRICING,snowflake,DB_STAGING.DW_RIPSAW.LU_ICI_HISTORICALPRICING,1060
DELTA,BRZ_CURR_COMPASS_ICI.ICI_JVSALESDATA,1347,/data/talend/vars/INSQL/delta/compass/transient_talend_BRZ_CURR_COMPASS_ICI.JVSALESDATA.sql,transient_talend_BRZ_CURR_COMPASS_ICI.JVSALESDATA,snowflake,DB_STAGING.DW_RIPSAW.FT_ICI_JV_SALES_DATA,1348
DELTA,BRZ_CURR_COMPASS_ICI.IRETAILBUYS,1216,/data/talend/vars/INSQL/delta/compass/transient_talend_BRZ_CURR_COMPASS_ICI.IRETAILBUYS.sql,transient_talend_BRZ_CURR_COMPASS_ICI.IRETAILBUYS,snowflake,DB_STAGING.DW_RIPSAW.LU_ICI_RETAIL_BUYS,1217
DELTA,BRZ_CURR_COMPASS_ICI.IRETAILCALTYPES,1234,/data/talend/vars/INSQL/delta/compass/transient_talend_BRZ_CURR_COMPASS_ICI.IRETAILCALTYPES.sql,transient_talend_BRZ_CURR_COMPASS_ICI.IRETAILCALTYPES,snowflake,DB_STAGING.DW_RIPSAW.LU_ICI_IRETAILCALTYPES,1235
DELTA,BRZ_CURR_COMPASS_ICI.IRETAILCHANNEL,1258,/data/talend/vars/INSQL/delta/compass/transient_talend_BRZ_CURR_COMPASS_ICI.IRETAILCHANNEL.sql,transient_talend_BRZ_CURR_COMPASS_ICI.IRETAILCHANNEL,snowflake,DB_STAGING.DW_RIPSAW.LU_ICI_RETAIL_CHANNEL,1259
DELTA,BRZ_CURR_COMPASS_ICI.IRETAILCOMPFLAGS,1277,/data/talend/vars/INSQL/delta/compass/BRZ_CURR_COMPASS_ICI.IRETAILCOMPFLAGS.sql,BRZ_CURR_COMPASS_ICI.IRETAILCOMPFLAGS,snowflake,DB_STAGING.DW_RIPSAW.LU_ICI_IRETAILCOMPFLAGS,1278
DELTA,BRZ_CURR_COMPASS_ICI.IRETAILCOMPS,1261,/data/talend/vars/INSQL/delta/compass/BRZ_CURR_COMPASS_ICI.IRETAILCOMPS.sql,BRZ_CURR_COMPASS_ICI.IRETAILCOMPS,snowflake,DB_STAGING.DW_RIPSAW.LU_ICI_IRETAILCOMPS,1262
DELTA,BRZ_CURR_COMPASS_ICI.IRETAILKI,1256,/data/talend/vars/INSQL/delta/compass/transient_talend_BRZ_CURR_COMPASS_ICI.IRETAILKI.sql,transient_talend_BRZ_CURR_COMPASS_ICI.IRETAILKI,snowflake,DB_STAGING.DW_RIPSAW.LU_ICI_RETAIL_KI,1257
DELTA,BRZ_CURR_COMPASS_ICI.IRETAILSTATUS_1,1343,/data/talend/vars/INSQL/delta/compass/transient_talend_BRZ_CURR_COMPASS_ICI.IRETAILSTATUS.sql,transient_talend_BRZ_CURR_COMPASS_ICI.IRETAILSTATUS,snowflake,DB_STAGING.DW_RIPSAW.LU_ICI_IRETAIL_STATUS,1344
DELTA,BRZ_CURR_COMPASS_ICI.ITEM,1252,/data/talend/vars/INSQL/delta/compass/transient_talend_BRZ_CURR_COMPASS_ICI.ITEM.sql,transient_talend_BRZ_CURR_COMPASS_ICI.ITEM,snowflake,DB_STAGING.DW_RIPSAW.LU_ICI_ITEM,1253
DELTA,BRZ_CURR_COMPASS_ICI.ITEMAMOUNT_1,1226,/data/talend/vars/INSQL/delta/compass/transient_talend_BRZ_CURR_COMPASS_ICI.ITEMAMOUNT_1.sql,transient_talend_BRZ_CURR_COMPASS_ICI.ITEMAMOUNT_1,snowflake,DB_STAGING.DW_RIPSAW.LU_ICI_ITEM_AMOUNT,1227
DELTA,BRZ_CURR_COMPASS_ICI.ITEMDUTY,1140,/data/talend/vars/INSQL/delta/compass/transient_talend_BRZ_CURR_COMPASS_ICI.ITEMDUTY.sql,transient_talend_BRZ_CURR_COMPASS_ICI.ITEMDUTY,snowflake,DB_STAGING.DW_RIPSAW.LU_ICI_ITEM_DUTY,1141
DELTA,BRZ_CURR_COMPASS_ICI.ITEMDUTYDEFAULTS_ICI,1279,/data/talend/vars/INSQL/delta/compass/transient_talend_BRZ_CURR_COMPASS_ICI.ITEMDUTYDEFAULTS_ICI.sql,transient_talend_BRZ_CURR_COMPASS_ICI.ITEMDUTYDEFAULTS_ICI,snowflake,DB_STAGING.DW_RIPSAW.LU_ICI_ITEM_DUTY_DEF,1280
DELTA,BRZ_CURR_COMPASS_ICI.ITEMINFO_VDX,1345,/data/talend/vars/INSQL/delta/compass/transient_talend_BRZ_CURR_COMPASS_ICI.ITEMINFO_VDX.sql,transient_talend_BRZ_CURR_COMPASS_ICI.ITEMINFO_VDX,snowflake,DB_STAGING.DW_RIPSAW.LU_ICI_ITEM_INFO,1346
DELTA,BRZ_CURR_COMPASS_ICI.KEYCATDW,1228,/data/talend/vars/INSQL/delta/compass/transient_talend_BRZ_CURR_COMPASS_ICI.KEYCATDW.sql,transient_talend_BRZ_CURR_COMPASS_ICI.KEYCATDW,snowflake,DB_STAGING.DW_RIPSAW.LU_ICI_KEYCATDW,1229
DELTA,BRZ_CURR_COMPASS_ICI.KEYINITIATIVES,1328,/data/talend/vars/INSQL/delta/compass/transient_talend_BRZ_CURR_COMPASS_ICI.KEYINITIATIVES.sql,transient_talend_BRZ_CURR_COMPASS_ICI.KEYINITIATIVES,snowflake,DB_STAGING.DW_RIPSAW.FT_KEYINITIATIVES,1329
DELTA,BRZ_CURR_COMPASS_ICI.LOCATION_ICI,1209,/data/talend/vars/INSQL/delta/compass/transient_talend_BRZ_CURR_COMPASS_ICI.LOCATION.sql,transient_talend_BRZ_CURR_COMPASS_ICI.LOCATION,snowflake,DB_STAGING.DW_RIPSAW.LU_ICI_LOCATION,1210
DELTA,BRZ_CURR_COMPASS_ICI.LU_ICI_LEGAL_CODES,1207,/data/talend/vars/INSQL/delta/compass/transient_talend_BRZ_CURR_COMPASS_ICI.LU_ICI_LEGAL_CODES.sql,transient_talend_BRZ_CURR_COMPASS_ICI.LU_ICI_LEGAL_CODES,snowflake,DB_STAGING.DW_RIPSAW.LU_ICI_LEGAL_CODES,1208
DELTA,BRZ_CURR_COMPASS_ICI.LU_ICI_STYLECAT,1303,/data/talend/vars/INSQL/delta/compass/transient_talend_BRZ_CURR_COMPASS_ICI.LU_ICI_STYLECAT.sql,transient_talend_BRZ_CURR_COMPASS_ICI.LU_ICI_STYLECAT,snowflake,DB_STAGING.DW_RIPSAW.LU_ICI_STYLECAT,1304
DELTA,BRZ_CURR_COMPASS_ICI.LU_SKD_DESIGN_TYPES,1291,/data/talend/vars/INSQL/delta/compass/transient_talend_BRZ_CURR_COMPASS_ICI.LU_SKD_DESIGN_TYPES.sql,transient_talend_BRZ_CURR_COMPASS_ICI.LU_SKD_DESIGN_TYPES,snowflake,DB_STAGING.DW_RIPSAW.LU_SKD_DESIGN_TYPES,1292
DELTA,BRZ_CURR_COMPASS_ICI.LU_SKD_LOC_CAPACITY_D,1275,/data/talend/vars/INSQL/delta/compass/transient_talend_BRZ_CURR_COMPASS_ICI.LU_SKD_LOC_CAPACITY_D.sql,transient_talend_BRZ_CURR_COMPASS_ICI.LU_SKD_LOC_CAPACITY_D,snowflake,DB_STAGING.DW_RIPSAW.LU_SKD_LOC_CAPACITY_D,1276
DELTA,BRZ_CURR_COMPASS_ICI.OPVDISCOUNTD,1178,/data/talend/vars/INSQL/delta/compass/transient_talend_BRZ_CURR_COMPASS_ICI.OPVDISCOUNTD.sql,transient_talend_BRZ_CURR_COMPASS_ICI.OPVDISCOUNTD,snowflake,DB_STAGING.DW_RIPSAW.LU_ICI_OPVDISCOUNTD,1179
DELTA,BRZ_CURR_COMPASS_ICI.OPVDISCOUNTH,1173,/data/talend/vars/INSQL/delta/compass/transient_talend_BRZ_CURR_COMPASS_ICI.OPVDISCOUNTH.sql,transient_talend_BRZ_CURR_COMPASS_ICI.OPVDISCOUNTH,snowflake,DB_STAGING.DW_RIPSAW.LU_ICI_OPVDISCOUNTH,1174
DELTA,BRZ_CURR_COMPASS_ICI.OPVORDPRICEXREF_T_LU_ICI_OPVORD_PRICE_XREF,1169,/data/talend/vars/INSQL/delta/compass/transient_talend.OPVORDPRICEXREF.sql,transient_talend.OPVORDPRICEXREF,snowflake,DB_STAGING.DW_RIPSAW.LU_ICI_OPVORD_PRICE_XREF,1170
DELTA,BRZ_CURR_COMPASS_ICI.PRICEEXCEPTIONCODES_1,1171,/data/talend/vars/INSQL/delta/compass/TRANSIENT_TALEND.PRICEEXCEPTIONCODES.sql,TRANSIENT_TALEND.PRICEEXCEPTIONCODES,snowflake,DB_STAGING.DW_RIPSAW.LU_ICI_PRICE_EXCEPTION,1172
DELTA,BRZ_CURR_COMPASS_ICI.QUARTERLYFORECAST_T_FT_ICI_QTR_FORECAST,1307,/data/talend/vars/INSQL/delta/compass/transient_talend_BRZ_CURR_COMPASS_ICI.QUARTERLYFORECAST.sql,transient_talend_BRZ_CURR_COMPASS_ICI.QUARTERLYFORECAST,snowflake,DB_STAGING.DW_RIPSAW.FT_ICI_QTR_FORECAST,1308
DELTA,BRZ_CURR_COMPASS_ICI.REGIONS_VDX,1136,/data/talend/vars/INSQL/delta/transient_talend_regions_vdx.sql,transient_talend_regions_vdx,snowflake,DB_STAGING.DW_RIPSAW.LU_ICI_REGION,1137
DELTA,BRZ_CURR_COMPASS_ICI.RETAILCALENDAR,1165,/data/talend/vars/INSQL/delta/compass/transient_talend_BRZ_CURR_COMPASS_ICI.RETAILCALENDAR.sql,transient_talend_BRZ_CURR_COMPASS_ICI.RETAILCALENDAR,snowflake,DB_STAGING.DW_RIPSAW.LU_SKD_CALENDAR,1166
DELTA,BRZ_CURR_COMPASS_ICI.RETAILLOCCAPACITYD,1197,/data/talend/vars/INSQL/delta/compass/transient_talend_BRZ_CURR_COMPASS_ICI.RETAILLOCCAPACITYD.sql,transient_talend_BRZ_CURR_COMPASS_ICI.RETAILLOCCAPACITYD,snowflake,DB_STAGING.DW_RIPSAW.LU_SKD_LOC_PANEL_D,1198
DELTA,BRZ_CURR_COMPASS_ICI.RETAILLOCH,1320,/data/talend/vars/INSQL/delta/compass/transient_talend_BRZ_CURR_COMPASS_ICI.RETAILLOCH.sql,transient_talend_BRZ_CURR_COMPASS_ICI.RETAILLOCH,snowflake,DB_STAGING.DW_RIPSAW.LU_SKD_LOC_H,1321
DELTA,BRZ_CURR_COMPASS_ICI.RETAILOWNERSHIPTYPES,1192,/data/talend/vars/INSQL/delta/compass/transient_talend_BRZ_CURR_COMPASS_ICI.RETAILOWNERSHIPTYPES.sql,transient_talend_BRZ_CURR_COMPASS_ICI.RETAILOWNERSHIPTYPES,snowflake,DB_STAGING.DW_RIPSAW.LU_SKD_OWNERSHIP_TYPES,1193
DELTA,BRZ_CURR_COMPASS_ICI.RETAILPANELTYPES,1326,/data/talend/vars/INSQL/delta/compass/BRZ_CURR_COMPASS_ICI.RETAILPANELTYPES.sql,BRZ_CURR_COMPASS_ICI.RETAILPANELTYPES,snowflake,DB_STAGING.DW_RIPSAW.LU_SKD_PANEL_TYPES,1327
DELTA,BRZ_CURR_COMPASS_ICI.RETAILSTATUSTYPES_1,1132,/data/talend/vars/INSQL/delta/compass/transient_talend_BRZ_CURR_COMPASS_ICI.RETAILSTATUSTYPES.sql,transient_talend_BRZ_CURR_COMPASS_ICI.RETAILSTATUSTYPES,snowflake,DB_STAGING.DW_RIPSAW.LU_SKD_STATUS_TYPES,1133
DELTA,BRZ_CURR_COMPASS_ICI.RETAILTERRITORIES,1126,/data/talend/vars/INSQL/delta/compass/transient_talend_BRZ_CURR_COMPASS_ICI.RETAILTERRITORIES.sql,transient_talend_BRZ_CURR_COMPASS_ICI.RETAILTERRITORIES,snowflake,DB_STAGING.DW_RIPSAW.LU_SKD_TERRITORIES,1127
DELTA,BRZ_CURR_COMPASS_ICI.RETAILTRANTYPES,1205,/data/talend/vars/INSQL/delta/compass/transient_talend_BRZ_CURR_COMPASS_ICI.RETAILTRANTYPES.sql,transient_talend_BRZ_CURR_COMPASS_ICI.RETAILTRANTYPES,snowflake,DB_STAGING.DW_RIPSAW.LU_SKD_TRAN_TYPES,1206
DELTA,BRZ_CURR_COMPASS_ICI.RETAILTYPES_1,1202,/data/talend/vars/INSQL/delta/compass/transient_talend_BRZ_CURR_COMPASS_ICI.RETAILTYPES_1.sql,transient_talend_BRZ_CURR_COMPASS_ICI.RETAILTYPES_1,snowflake,DB_STAGING.DW_RIPSAW.LU_SKD_TYPES,1203
DELTA,BRZ_CURR_COMPASS_ICI.RETAILTYPES_2,1218,/data/talend/vars/INSQL/delta/compass/transient_talend_BRZ_CURR_COMPASS_ICI.RETAILTYPES_2.sql,transient_talend_BRZ_CURR_COMPASS_ICI.RETAILTYPES_2,snowflake,DB_STAGING.DW_RIPSAW.LU_ICI_RETAILTYPES,1219
DELTA,BRZ_CURR_COMPASS_ICI.SIZESCALEGENDER,1157,/data/talend/vars/INSQL/delta/compass/transient_talend_BRZ_CURR_COMPASS_ICI.SIZESCALEGENDER.sql,transient_talend_BRZ_CURR_COMPASS_ICI.SIZESCALEGENDER,snowflake,DB_STAGING.DW_RIPSAW.LU_ICI_SSCAL_GNDR,1158
DELTA,BRZ_CURR_COMPASS_ICI.STYLEFEATURECODES_1,1212,/data/talend/vars/INSQL/delta/compass/transient_talend_BRZ_CURR_COMPASS_ICI.STYLEFEATURECODES_1.sql,transient_talend_BRZ_CURR_COMPASS_ICI.STYLEFEATURECODES_1,snowflake,DB_STAGING.DW_RIPSAW.LU_ICI_STYLE_FEAT_CODE,1213
DELTA,BRZ_CURR_COMPASS_ICI.STYLEFEATURES_1,1199,/data/talend/vars/INSQL/delta/compass/transient_talend_BRZ_CURR_COMPASS_ICI.STYLEFEATURES.sql,transient_talend_BRZ_CURR_COMPASS_ICI.STYLEFEATURES,snowflake,DB_STAGING.DW_RIPSAW.LU_ICI_STYLE_FEATURES,1200
DELTA,BRZ_CURR_COMPASS_ICI.STYLELASTPROD,1188,/data/talend/vars/INSQL/delta/compass/transient_talend_BRZ_CURR_COMPASS_ICI.STYLELASTPROD.sql,transient_talend_BRZ_CURR_COMPASS_ICI.STYLELASTPROD,snowflake,DB_STAGING.DW_RIPSAW.LU_ICI_STYLE_LAST_PROD,1189
DELTA,BRZ_CURR_COMPASS_ICI.STYLE_ICI,1301,/data/talend/vars/INSQL/delta/compass/BRZ_CURR_COMPASS_ICI.STYLES_ICI.sql,BRZ_CURR_COMPASS_ICI.STYLES_ICI,snowflake,DB_STAGING.DW_RIPSAW.LU_ICI_STYLES,1302
DELTA,BRZ_CURR_COMPASS_ICI.TERRITORIES_VDX,1144,/data/talend/vars/INSQL/delta/compass/transient_talend_BRZ_CURR_COMPASS_ICI.TERRITORIES_VDX.sql,transient_talend_BRZ_CURR_COMPASS_ICI.TERRITORIES_VDX,snowflake,DB_STAGING.DW_RIPSAW.LU_ICI_TERRITORY,1145
DELTA,BRZ_CURR_COMPASS_ICI.TERRITORYXREFDW,1077,/data/talend/vars/INSQL/delta/compass/transient_talend_BRZ_CURR_COMPASS_ICI.TERRITORYXREFDW.sql,transient_talend_BRZ_CURR_COMPASS_ICI.TERRITORYXREFDW,snowflake,DB_STAGING.DW_RIPSAW.LU_ICI_TERR_XREF_DW,1078
DELTA,BRZ_CURR_GARPAC_SHOE.CANCELORDERDETAIL,1224,/data/talend/vars/INSQL/delta/garpac/BRZ_CURR_GARPAC_SHOE.CANCELORDERDETAIL.sql,BRZ_CURR_GARPAC_SHOES.CANCELORDERDETAIL,snowflake,DB_STAGING.DW_RIPSAW.ZZOCNCRD,1225
DELTA,BRZ_CURR_GARPAC_SHOE.CANCELORDERHEADER,1176,/data/talend/vars/INSQL/delta/garpac/BRZ_CURR_GARPAC_SHOE.CANCELORDERHEADER.sql,BRZ_CURR_GARPAC_SHOES.CANCELORDERHEADER,snowflake,DB_STAGING.DW_RIPSAW.ZZOCNCRH,1177
DELTA,BRZ_CURR_GARPAC_SHOE.CHECKMDSERETURNSBYRETURNS,1149,/data/talend/vars/INSQL/delta/garpac/BRZ_CURR_GARPAC_SHOE.CHECKMDSERETURNSBYRETURNS.sql,BRZ_CURR_GARPAC_SHOES.CHECKMDSERETURNSBYRETURNS,snowflake,DB_STAGING.DW_RIPSAW.CMRR_TEMP_FT_RECONCILE,1150
DELTA,BRZ_CURR_GARPAC_SHOE.CHECKORDERSOPENBYORDER,1142,/data/talend/vars/INSQL/delta/garpac/BRZ_CURR_GARPAC_SHOE.CHECKORDERSOPENBYORDER.sql,BRZ_CURR_GARPAC_SHOES.CHECKORDERSOPENBYORDER,snowflake,DB_STAGING.DW_RIPSAW.COOO_TEMP_FT_RECONCILE,1143
DELTA,BRZ_CURR_GARPAC_SHOE.CHECKORDERSPICKBYORDER,1122,/data/talend/vars/INSQL/delta/garpac/BRZ_CURR_GARPAC_SHOE.CHECKORDERSPICKBYORDER.sql,BRZ_CURR_GARPAC_SHOES.CHECKORDERSPICKBYORDER,snowflake,DB_STAGING.DW_RIPSAW.COPO_TEMP_FT_RECONCILE,1123
DELTA,BRZ_CURR_GARPAC_SHOE.DW_ORDERS,1377,/data/talend/vars/INSQL/delta/garpac/transient_talend_BRZ_CURR_GARPAC_SHOE.DW_ORDERS.sql,transient_talend_BRZ_CURR_GARPAC_SHOES.DW_ORDERS,snowflake,DB_STAGING.DW_RIPSAW.DW_ORDERS,1378
DELTA,BRZ_CURR_GARPAC_SHOE.INCR_FT_PROD_ORD_INSQL,1349,/data/talend/vars/INSQL/delta/garpac/transient_talend_BRZ_CURR_GARPAC_SHOE.INCR_FT_PROD_ORD_INSQL.sql,transient_talend_BRZ_CURR_GARPAC_SHOES.INCR_FT_PROD_ORD_INSQL,snowflake,DB_STAGING.DW_RIPSAW.TEMP_FT_PRODUCTION_ORD,1350
DELTA,BRZ_CURR_GARPAC_SHOE.INCR_INSQL_FT_SHIPPING_ADVICE_VDX,1356,/data/talend/vars/INSQL/delta/garpac/transient_talend_BRZ_CURR_GARPAC_SHOE.INCR_INSQL_FT_SHIPPING_ADVICE_VDX.sql,transient_talend_BRZ_CURR_GARPAC_SHOES.INCR_INSQL_FT_SHIPPING_ADVICE_VDX,snowflake,DB_STAGING.DW_RIPSAW.TEMP_FT_SHIPPING_ADVICE,1357
DELTA,BRZ_CURR_GARPAC_SHOE.INPUT0_LU_CU_ST_DIV,1324,/data/talend/vars/INSQL/delta/garpac/BRZ_CURR_GARPAC_SHOE.INPUT0_LU_CU_ST_DIV.sql,BRZ_CURR_GARPAC_SHOES.INPUT0_LU_CU_ST_DIV,snowflake,DB_STAGING.DW_RIPSAW.INPUT0_LU_CU_ST_DIV,1325
DELTA,BRZ_CURR_GARPAC_SHOE.INPUT0_LU_CU_ST_DIV_NA,1333,/data/talend/vars/INSQL/delta/garpac/BRZ_CURR_GARPAC_SHOE.INPUT0_LU_CU_ST_DIV_NA.sql,BRZ_CURR_GARPAC_SHOES.INPUT0_LU_CU_ST_DIV_NA,snowflake,DB_STAGING.DW_RIPSAW.INPUT0_LU_CU_ST_DIV_NA,1334
DELTA,BRZ_CURR_GARPAC_SHOE.INSQL_FT_CUST_CHARGE_VDX,1364,/data/talend/vars/INSQL/delta/garpac/transient_talend_BRZ_CURR_GARPAC_SHOE.INSQL_FT_CUST_CHARGE_VDX.sql,transient_talend_BRZ_CURR_GARPAC_SHOES.INSQL_FT_CUST_CHARGE_VDX,snowflake,DB_STAGING.DW_RIPSAW.TEMP_FT_CUST_CHARGE_1,1365
DELTA,BRZ_CURR_GARPAC_SHOE.INSQL_ZZXSTYLER_ZZXCOLR_VDX,1353,/data/talend/vars/INSQL/delta/garpac/transient_talend_insql_zzxstyler_zzxcolr_vdx.sql,transient_talend_insql_zzxstyler_zzxcolr_vdx,snowflake,DB_STAGING.DW_RIPSAW.INCR_LU_STYLE_COLOR,1354
DELTA,BRZ_CURR_GARPAC_SHOE.LU_SALESPERSON,1211,/data/talend/vars/INSQL/delta/garpac/transient_talend_BRZ_CURR_GARPAC_SHOE.LU_SALESPERSON.sql,transient_talend_BRZ_CURR_GARPAC_SHOES.LU_SALESPERSON,snowflake,DB_STAGING.DW_RIPSAW.LU_SALESPERSON,1204
DELTA,BRZ_CURR_GARPAC_SHOE.LU_STORE,1289,/data/talend/vars/INSQL/delta/garpac/transient_talend_BRZ_CURR_GARPAC_SHOE.ZZXSTORR.sql,transient_talend_BRZ_CURR_GARPAC_SHOES.ZZXSTORR,snowflake,DB_STAGING.DW_RIPSAW.LU_STORE,1290
DELTA,BRZ_CURR_GARPAC_SHOE.RTXCUSTR_2,1130,/data/talend/vars/INSQL/delta/garpac/transient_talend_BRZ_CURR_GARPAC_SHOE_RTXCUSTR.sql,transient_talend_BRZ_CURR_GARPAC_SHOE_RTXCUSTR,snowflake,DB_STAGING.DW_RIPSAW.LU_SKR_RTXCUSTR,1131
DELTA,BRZ_CURR_GARPAC_SHOE.SHIP_ORDER_HEADER,1186,/data/talend/vars/INSQL/delta/garpac/transient_talend.SHIP_ORDER_HEADER_1.sql,transient_talend.SHIP_ORDER_HEADER_1,snowflake,DB_STAGING.DW_RIPSAW.ZZOSHPRH,1194
DELTA,BRZ_CURR_GARPAC_SHOE.SKOBSTGH,1128,/data/talend/vars/INSQL/delta/garpac/transient_talend_BRZ_CURR_GARPAC_SHOE.SKOBSTGH.sql,transient_talend_BRZ_CURR_GARPAC_SHOES.SKOBSTGH,snowflake,DB_STAGING.DW_RIPSAW.STG_SKOBSTGH,1129
DELTA,BRZ_CURR_GARPAC_SHOE.SKOMKDNR,1061,/data/talend/vars/INSQL/delta/garpac/transient_talend_BRZ_CURR_GARPAC_SHOE.SKOMKDNR.sql,transient_talend_BRZ_CURR_GARPAC_SHOES.SKOMKDNR,snowflake,DB_STAGING.DW_RIPSAW.LU_MARK_DOWN,1062
DELTA,BRZ_CURR_GARPAC_SHOE.SKRUPCNR,1065,/data/talend/vars/INSQL/delta/garpac/transient_talend_BRZ_CURR_GARPAC_SHOE.SKRUPCNR.sql,transient_talend_BRZ_CURR_GARPAC_SHOES.SKRUPCNR,snowflake,DB_STAGING.DW_RIPSAW.SKRUPCNR,1091
DELTA,BRZ_CURR_GARPAC_SHOE.SKXBUYER,1048,/data/talend/vars/INSQL/delta/garpac/transient_talend_BRZ_CURR_GARPAC_SHOE.SKXBUYER.sql,transient_talend_BRZ_CURR_GARPAC_SHOES.SKXBUYER,snowflake,DB_STAGING.DW_RIPSAW.LU_BUYER,1049
DELTA,BRZ_CURR_GARPAC_SHOE.SKXCCNVR_REP,1341,/data/talend/vars/INSQL/delta/garpac/transient_talend_BRZ_CURR_GARPAC_SHOE.SKXCCNVR_REP.sql,transient_talend_BRZ_CURR_GARPAC_SHOES.SKXCCNVR_REP,snowflake,DB_STAGING.DW_RIPSAW.LU_CURR_EXCH,1342
DELTA,BRZ_CURR_GARPAC_SHOE.SKXCUSTA,1163,/data/talend/vars/INSQL/delta/garpac/transient_talend_BRZ_CURR_GARPAC_SHOE.SKXCUSTA.sql,transient_talend_BRZ_CURR_GARPAC_SHOES.SKXCUSTA,snowflake,DB_STAGING.DW_RIPSAW.TEMP_SKXCUSTA,1164
DELTA,BRZ_CURR_GARPAC_SHOE.SKXFEATR,1269,/data/talend/vars/INSQL/delta/garpac/transient_talend_BRZ_CURR_GARPAC_SHOE.SKXFEATR.sql,transient_talend_BRZ_CURR_GARPAC_SHOES.SKXFEATR,snowflake,DB_STAGING.DW_RIPSAW.TEMP_SKXFEATR,1270
DELTA,BRZ_CURR_GARPAC_SHOE.SKXNCHGR_1,1337,/data/talend/vars/INSQL/delta/garpac/transient_talend_skxnchgr_1.sql,transient_talend_skxnchgr_1,snowflake,DB_STAGING.DW_RIPSAW.LU_SKX_CUST_CHARGE,1338
DELTA,BRZ_CURR_GARPAC_SHOE.SKXREGNR,1052,/data/talend/vars/INSQL/delta/garpac/transient_talend_BRZ_CURR_GARPAC_SHOE.SKXREGNR.sql,transient_talend_BRZ_CURR_GARPAC_SHOES.SKXREGNR,snowflake,DB_STAGING.DW_RIPSAW.LU_REGION,1054
DELTA,BRZ_CURR_GARPAC_SHOE.SKXSCDSD,1050,/data/talend/vars/INSQL/delta/garpac/transient_talend_BRZ_CURR_GARPAC_SHOE.SKXSCDSD.sql,transient_talend_BRZ_CURR_GARPAC_SHOES.SKXSCDSD,snowflake,DB_STAGING.DW_RIPSAW.FT_SKX_SCDSD,1190
DELTA,BRZ_CURR_GARPAC_SHOE.SKXSEGMR_VDX,1138,/data/talend/vars/INSQL/delta/garpac/transient_talend_BRZ_CURR_GARPAC_SHOE.SKXSEGMR_VDX.sql,transient_talend_BRZ_CURR_GARPAC_SHOES.SKXSEGMR_VDX,snowflake,DB_STAGING.DW_RIPSAW.LU_CUST_SEGMENT,1139
DELTA,BRZ_CURR_GARPAC_SHOE.SKXTERRR,1071,/data/talend/vars/INSQL/delta/garpac/transient_talend_BRZ_CURR_GARPAC_SHOE.SKXTERRR.sql,transient_talend_BRZ_CURR_GARPAC_SHOES.SKXTERRR,snowflake,DB_STAGING.DW_RIPSAW.LU_TERRITORY,1072
DELTA,BRZ_CURR_GARPAC_SHOE.SKXWIMGR,1232,/data/talend/vars/INSQL/delta/garpac/BRZ_CURR_GARPAC_SHOE.SKXWIMGR.sql,BRZ_CURR_GARPAC_SHOES.SKXWIMGR,snowflake,DB_STAGING.DW_RIPSAW.TEMP_SKXWIMGR,1233
DELTA,BRZ_CURR_GARPAC_SHOE.TEMP_ZZRALOWR,1159,/data/talend/vars/INSQL/delta/garpac/transient_talend_BRZ_CURR_GARPAC_SHOE.TEMP_ZZRALOWR.sql,transient_talend_BRZ_CURR_GARPAC_SHOES.TEMP_ZZRALOWR,snowflake,DB_STAGING.DW_RIPSAW.TEMP_LU_ALLOW_CODE,1160
DELTA,BRZ_CURR_GARPAC_SHOE.T_TEMP_FT_WRITE_OFF,1167,/data/talend/vars/INSQL/delta/garpac/transient_talend_BRZ_CURR_GARPAC_SHOE.T_TEMP_FT_WRITE_OFF.sql,transient_talend_BRZ_CURR_GARPAC_SHOES.T_TEMP_FT_WRITE_OFF,snowflake,DB_STAGING.DW_RIPSAW.TEMP_FT_WRITE_OFF,1168
DELTA,BRZ_CURR_GARPAC_SHOE.XREF,1238,/data/talend/vars/INSQL/delta/garpac/transient_talend_XREF.sql,transient_talend_XREF,snowflake,DB_STAGING.DW_RIPSAW.LU_CONSOL_INV_XREF,1239
DELTA,BRZ_CURR_GARPAC_SHOE.ZZAAVALR,1087,/data/talend/vars/INSQL/delta/garpac/transient_talend_BRZ_CURR_GARPAC_SHOE.ZZAAVALR.sql,transient_talend_BRZ_CURR_GARPAC_SHOES.ZZAAVALR,snowflake,DB_STAGING.DW_RIPSAW.ZZAAVALR,1088
DELTA,BRZ_CURR_GARPAC_SHOE.ZZANSRSR,1084,/data/talend/vars/INSQL/delta/garpac/transient_talend_BRZ_CURR_GARPAC_SHOE.ZZANSRSR.sql,transient_talend_BRZ_CURR_GARPAC_SHOES.ZZANSRSR,snowflake,DB_STAGING.DW_RIPSAW.ZZANSRSR,1085
DELTA,BRZ_CURR_GARPAC_SHOE.ZZNCRDTH,1254,/data/talend/vars/INSQL/delta/garpac/transient_talend_BRZ_CURR_GARPAC_SHOE.ZZNCRDTH.sql,transient_talend_BRZ_CURR_GARPAC_SHOES.ZZNCRDTH,snowflake,DB_STAGING.DW_RIPSAW.TEMP_ZZNCRDTH,1255
DELTA,BRZ_CURR_GARPAC_SHOE.ZZNMEMOD,1067,/data/talend/vars/INSQL/delta/garpac/transient_talend_BRZ_CURR_GARPAC_SHOE.ZZNMEMOD.sql,transient_talend_BRZ_CURR_GARPAC_SHOES.ZZNMEMOD,snowflake,DB_STAGING.DW_RIPSAW.ZZNMEMOD,1068
DELTA,BRZ_CURR_GARPAC_SHOE.ZZNMEMOH,1057,/data/talend/vars/INSQL/delta/garpac/transient_talend_BRZ_CURR_GARPAC_SHOE.ZZNMEMOH.sql,transient_talend_BRZ_CURR_GARPAC_SHOES.ZZNMEMOH,snowflake,DB_STAGING.DW_RIPSAW.ZZNMEMOH,1058
DELTA,BRZ_CURR_GARPAC_SHOE.ZZNRESNR,1161,/data/talend/vars/INSQL/delta/garpac/transient_talend_BRZ_CURR_GARPAC_SHOE.ZZNRESNR.sql,transient_talend_BRZ_CURR_GARPAC_SHOES.ZZNRESNR,snowflake,DB_STAGING.DW_RIPSAW.LU_RETURN_REASON,1162
DELTA,BRZ_CURR_GARPAC_SHOE.ZZOCNCRHD,1185,/data/talend/vars/INSQL/delta/garpac/BRZ_CURR_GARPAC_SHOE.ZZOCNCRHD.sql,BRZ_CURR_GARPAC_SHOES.ZZOCNCRHD,snowflake,DB_STAGING.DW_RIPSAW.TEMP_FT_RECONCILE,1109
DELTA,BRZ_CURR_GARPAC_SHOE.ZZOCRSNR_VDX,1113,/data/talend/vars/INSQL/delta/garpac/transient_talend_zzocrsnr_vdx.sql,transient_talend_zzocrsnr_vdx,snowflake,DB_STAGING.DW_RIPSAW.LU_CANCEL_REASON,1114
DELTA,BRZ_CURR_GARPAC_SHOE.ZZOORDRD,1183,/data/talend/vars/INSQL/delta/garpac/transient_talend_BRZ_CURR_GARPAC_SHOE.ZZOORDRD.sql,transient_talend_BRZ_CURR_GARPAC_SHOES.ZZOORDRD,snowflake,DB_STAGING.DW_RIPSAW.ZZOORDRD,1184
DELTA,BRZ_CURR_GARPAC_SHOE.ZZOORDRH,1195,/data/talend/vars/INSQL/delta/garpac/transient_talend_BRZ_CURR_GARPAC_SHOE.ZZOORDRH.sql,transient_talend_BRZ_CURR_GARPAC_SHOES.ZZOORDRH,snowflake,DB_STAGING.DW_RIPSAW.ZZOORDRH,1196
DELTA,BRZ_CURR_GARPAC_SHOE.ZZOPCKRD,1220,/data/talend/vars/INSQL/delta/garpac/transient_talend_BRZ_CURR_GARPAC_SHOE.ZZOPCKRD.sql,transient_talend_BRZ_CURR_GARPAC_SHOES.ZZOPCKRD,snowflake,DB_STAGING.DW_RIPSAW.ZZOPCKRD,1221
DELTA,BRZ_CURR_GARPAC_SHOE.ZZOPCKRH,1222,/data/talend/vars/INSQL/delta/garpac/transient_talend_BRZ_CURR_GARPAC_SHOE.ZZOPCKRH.sql,transient_talend_BRZ_CURR_GARPAC_SHOES.ZZOPCKRH,snowflake,DB_STAGING.DW_RIPSAW.ZZOPCKRH,1223
DELTA,BRZ_CURR_GARPAC_SHOE.ZZOSHPRD,1124,/data/talend/vars/INSQL/delta/garpac/transient_talend_BRZ_CURR_GARPAC_SHOE.ZZOSHPRD.sql,transient_talend_BRZ_CURR_GARPAC_SHOES.ZZOSHPRD,snowflake,DB_STAGING.DW_RIPSAW.ZZOSHPRD,1125
DELTA,BRZ_CURR_GARPAC_SHOE.ZZOSHPRHD,1108,/data/talend/vars/INSQL/delta/garpac/transient_talend_BRZ_CURR_GARPAC_SHOE.ZZOSHPRHD.sql,transient_talend_BRZ_CURR_GARPAC_SHOES.ZZOSHPRHD,snowflake,DB_STAGING.DW_RIPSAW.TEMP_FT_RECONCILE,1109
DELTA,BRZ_CURR_GARPAC_SHOE.ZZRALOWR,1043,/data/talend/vars/INSQL/delta/garpac/transient_talend_BRZ_CURR_GARPAC_SHOE.ZZRALOWR.sql,transient_talend_BRZ_CURR_GARPAC_SHOES.ZZRALOWR,snowflake,DB_STAGING.DW_RIPSAW.LU_ALLOW_CODE,1044
DELTA,BRZ_CURR_GARPAC_SHOE.ZZRBATCH,1116,/data/talend/vars/INSQL/delta/garpac/transient_talend_BRZ_CURR_GARPAC_SHOE.ZZRBATCH.sql,transient_talend_BRZ_CURR_GARPAC_SHOES.ZZRBATCH,snowflake,DB_STAGING.DW_RIPSAW.TEMP_ZZRBATCH,1117
DELTA,BRZ_CURR_GARPAC_SHOE.ZZRINVCD,1040,/data/talend/vars/INSQL/delta/garpac/BRZ_CURR_GARPAC_SHOE.ZZRINVCD.sql,BRZ_CURR_GARPAC_SHOES.ZZRINVCD,snowflake,DB_STAGING.DW_RIPSAW.ZZRINVCD,1041
DELTA,BRZ_CURR_GARPAC_SHOE.ZZRINVCH,1073,/data/talend/vars/INSQL/delta/garpac/transient_talend_BRZ_CURR_GARPAC_SHOE.ZZRINVCH.sql,transient_talend_BRZ_CURR_GARPAC_SHOES.ZZRINVCH,snowflake,DB_STAGING.DW_RIPSAW.ZZRINVCH,1074
DELTA,BRZ_CURR_GARPAC_SHOE.ZZRRESNR,1181,/data/talend/vars/INSQL/delta/garpac/transend_ZZRRESNR.sql,transend_ZZRRESNR,snowflake,DB_STAGING.DW_RIPSAW.LU_AR_REASON,1182
DELTA,BRZ_CURR_GARPAC_SHOE.ZZRWOFFD,1335,/data/talend/vars/INSQL/delta/garpac/transient_talend_BRZ_CURR_GARPAC_SHOE.ZZRWOFFD.sql,transient_talend_BRZ_CURR_GARPAC_SHOES.ZZRWOFFD,snowflake,DB_STAGING.DW_RIPSAW.TEMP_ZZRWOFFD,1336
DELTA,BRZ_CURR_GARPAC_SHOE.ZZXCOLRR_1,1099,/data/talend/vars/INSQL/delta/garpac/transient_talend_BRZ_CURR_GARPAC_SHOE.ZZXCOLRR.sql,transient_talend_BRZ_CURR_GARPAC_SHOES.ZZXCOLRR,snowflake,DB_STAGING.DW_RIPSAW.LU_COLOR,1100
DELTA,BRZ_CURR_GARPAC_SHOE.ZZXCSTDR_VDX,1118,/data/talend/vars/INSQL/delta/garpac/transient_talend.ZZXCSTDR_VDX.sql,transient_talend.ZZXCSTDR_VDX,snowflake,DB_STAGING.DW_RIPSAW.LU_CUSTOMER_STYLE,1119
DELTA,BRZ_CURR_GARPAC_SHOE.ZZXDISCR,1055,/data/talend/vars/INSQL/delta/garpac/transient_talend_brz_curr_garpac_shoe_zzxdiscr.sql,transient_talend_brz_curr_garpac_shoe_zzxdiscr,snowflake,DB_STAGING.DW_RIPSAW.LU_CUST_DISCOUNT,1056
DELTA,BRZ_CURR_GARPAC_SHOE.ZZXDISCR_2,1090,/data/talend/vars/INSQL/delta/garpac/transient_talend_BRZ_CURR_GARPAC_SHOE.ZZXDISCR_2.sql,transient_talend_BRZ_CURR_GARPAC_SHOES.ZZXDISCR_2,snowflake,DB_STAGING.DW_RIPSAW.LU_ORDLINE_DISC_CODES,1086
DELTA,BRZ_CURR_GARPAC_SHOE.ZZXLINEH,1242,/data/talend/vars/INSQL/delta/garpac/BRZ_CURR_GARPAC_SHOE.ZZXLINEH.sql,BRZ_CURR_GARPAC_SHOES.ZZXLINEH,snowflake,DB_STAGING.DW_RIPSAW.TEMP_ZZXLINEH,1243
DELTA,BRZ_CURR_GARPAC_SHOE.ZZXSADDN,1246,/data/talend/vars/INSQL/delta/garpac/transient_talend_BRZ_CURR_GARPAC_SHOE.ZZXSADDN.sql,transient_talend_BRZ_CURR_GARPAC_SHOES.ZZXSADDN,snowflake,DB_STAGING.DW_RIPSAW.LU_UNIT_COST,1247
DELTA,BRZ_CURR_GARPAC_SHOE.ZZXSCOLAU,1153,/data/talend/vars/INSQL/delta/garpac/transient_talend_BRZ_CURR_GARPAC_SHOE.ZZXSCOLAU.sql,transient_talend_BRZ_CURR_GARPAC_SHOES.ZZXSCOLAU,snowflake,DB_STAGING.DW_RIPSAW.LU_STYCOL_AUDIT,1154
DELTA,BRZ_CURR_GARPAC_SHOE.ZZXSIZER,1069,/data/talend/vars/INSQL/delta/garpac/transient_talend_BRZ_CURR_GARPAC_SHOE.ZZXSIZER.sql,transient_talend_BRZ_CURR_GARPAC_SHOES.ZZXSIZER,snowflake,DB_STAGING.DW_RIPSAW.ZZXSIZER,1070
DELTA,BRZ_CURR_GARPAC_SHOE.ZZXSLSPR_PII,1103,/data/talend/vars/INSQL/delta/garpac/transient_talend_ZZXSLSPR_PII.sql,transient_talend_ZZXSLSPR_PII,snowflake,DB_STAGING.DW_RIPSAW.LU_DOM_SALESPERSON,1104
DELTA,BRZ_CURR_GARPAC_SHOE.ZZXSLSPR_VDX,1134,/data/talend/vars/INSQL/delta/garpac/transient_talend.ZZXSLSPR_VDX.sql,transient_talend.ZZXSLSPR_VDX,snowflake,DB_STAGING.DW_RIPSAW.LU_SALES_MANAGER,1135
DELTA,BRZ_CURR_GARPAC_SHOE.ZZXSTORR_T_LU_GARPAC_STORE,1105,/data/talend/vars/INSQL/delta/garpac/transient_talend_ZZXSTORR_T_LU_GARPAC_STORE.sql,transient_talend_ZZXSTORR_T_LU_GARPAC_STORE,snowflake,DB_STAGING.DW_RIPSAW.LU_GARPAC_STORE,1106
DELTA,BRZ_CURR_GARPAC_SHOE.ZZXTERMR,1120,/data/talend/vars/INSQL/delta/garpac/transient_talend_BRZ_CURR_GARPAC_SHOE_ZZXTERMR.sql,transient_talend_BRZ_CURR_GARPAC_SHOE_ZZXTERMR,snowflake,DB_STAGING.DW_RIPSAW.LU_SKX_COMM_TERMS,1121
csv,DIVISION_SPLIT,1273,/data/talend/vars/bin/DIVISION_SPLIT.sh,DIVISION_SPLIT.sh,snowflake,DB_STAGING.DW_RIPSAW.LU_DIVISION_SPLIT,1274
csv,DOM_CUST_AGREEMENTS,1175,/data/talend/vars/bin/dom_cust_agreements.sh,dom_cust_agreements.sh,snowflake,DB_STAGING.DW_RIPSAW.DOM_CUST_AGREEMENTS,1180
csv,DOM_DIV_GEN_SEGMENT,1236,/data/talend/vars/bin/transient_talend_DOM_DIV_GEN_SEGMENT.sh,transient_talend_DOM_DIV_GEN_SEGMENT.sh,snowflake,DB_STAGING.DW_RIPSAW.LU_DIVISION_MGR,1237
csv,DOM_KEY_INITIATIVE,1230,/data/talend/vars/bin/DOM_KEY_INITIATIVE.sh,DOM_KEY_INITIATIVE.sh,snowflake,DB_STAGING.DW_RIPSAW.LU_DOM_CATEGORY,1231
csv,FILE.DOM_CONTACT_CSV,1244,/data/talend/vars/bin/DOM_CONTACT_CSV.sh,DOM_CONTACT_CSV.sh,snowflake,DB_STAGING.DW_RIPSAW.LU_CONTACT_INFILE_CSV,1245
csv,LU_DOM_TERRITORY,1214,/data/talend/vars/bin/LU_DOM_TERRITORY.sh,LU_DOM_TERRITORY.sh,snowflake,DB_STAGING.DW_RIPSAW.LU_DOM_TERRITORY,1215
DELTA,MOD.BRZ_CURR_COMPASS_ICI.RETAILINVENTORY_MOD,1351,/data/talend/vars/INSQL/delta/compass/transient_talend_BRZ_CURR_COMPASS_ICI.RETAILINVENTORY.sql,transient_talend_BRZ_CURR_COMPASS_ICI.RETAILINVENTORY,snowflake,DB_STAGING.DW_RIPSAW.FT_SKD_INVENTORY,1352
DELTA,MOD.BRZ_CURR_COMPASS_ICI.RETAILSALES_MOD,1281,/data/talend/vars/INSQL/delta/compass/transient_talend_BRZ_CURR_COMPASS_ICI.RETAILSALES.sql,transient_talend_BRZ_CURR_COMPASS_ICI.RETAILSALES,snowflake,DB_STAGING.DW_RIPSAW.FT_SKD_SALES,1283
DELTA,MOD.BRZ_CURR_GARPAC_SHOE.SKPLABLH,1075,/data/talend/vars/INSQL/delta/garpac/transient_talend_BRZ_CURR_GARPAC_SHOE.SKPLABLH.sql,transient_talend_BRZ_CURR_GARPAC_SHOES.SKPLABLH,snowflake,DB_STAGING.DW_RIPSAW.SKPLABLH,1076
csv,STG_LU_GLOBAL_TERRITORY_SOURCE,1250,/data/talend/vars/bin/transieent_talend_STG_LU_GLOBAL_TERRITORY.sh,transieent_talend_STG_LU_GLOBAL_TERRITORY.sh,snowflake,DB_STAGING.DW_RIPSAW.STG_LU_GLOBAL_TERRITORY,1251
csv,STYLE_COLOR_GROUPS,1297,/data/talend/vars/bin/STYLE_COLOR_GROUPS.sh,STYLE_COLOR_GROUPS.sh,snowflake,DB_STAGING.DW_RIPSAW.LU_STYLE_COLOR_GROUPS,1298